topic,SBS2,SBS6,SBS13,SBS18,SBS40
0,0.8749606451616391,,,,
1,,,0.8072279006455714,,
2,,,,0.8076451881258722,0.865493069442798
3,,0.8733400944772959,,,
